<x:xmpmeta tsc:version="2.0.1" xmlns:x="adobe:ns:meta/" xmlns:tsc="http://www.techsmith.com/xmp/tsc/">
   <rdf:RDF xmlns:rdf="http://www.w3.org/1999/02/22-rdf-syntax-ns#" xmlns:xmp="http://ns.adobe.com/xap/1.0/" xmlns:xmpDM="http://ns.adobe.com/xmp/1.0/DynamicMedia/" xmlns:xmpG="http://ns.adobe.com/xap/1.0/g/" xmlns:xmpMM="http://ns.adobe.com/xap/1.0/mm/" xmlns:tscDM="http://www.techsmith.com/xmp/tscDM/" xmlns:tscIQ="http://www.techsmith.com/xmp/tscIQ/" xmlns:tscHS="http://www.techsmith.com/xmp/tscHS/" xmlns:stDim="http://ns.adobe.com/xap/1.0/sType/Dimensions#" xmlns:stFnt="http://ns.adobe.com/xap/1.0/sType/Font#" xmlns:exif="http://ns.adobe.com/exif/1.0" xmlns:dc="http://purl.org/dc/elements/1.1/">
      <rdf:Description dc:date="2023-04-04 07:33:26 AM" dc:source="Camtasia,9.0.0,enu" dc:title="1-AI CẬP" tscDM:firstFrame="1-AI_CẬP_First_Frame.png" tscDM:originId="42273250-DE59-40CD-920A-B4E9D6335529" tscDM:project="Untitled Project">
         <xmpDM:duration xmpDM:scale="1/1000" xmpDM:value="229900"/>
         <xmpDM:videoFrameSize stDim:unit="pixel" stDim:h="480" stDim:w="854"/>
         <tsc:langName>
            <rdf:Bag>
               <rdf:li xml:lang="en-US">English</rdf:li></rdf:Bag>
         </tsc:langName>
         <xmpDM:Tracks>
            <rdf:Bag>
               <rdf:li>
                  <rdf:Description xmpDM:trackType="Quiz" xmpDM:frameRate="f1000" xmpDM:trackName="Quiz" tscIQ:quizGuid="0DC0ACB8-3C05-43A2-8954-67FA9E96C33D" tscIQ:authoredEmail="dmlldHRydW5nODgucXV5bmhvbkBnbWFpbC5jb20=" tscIQ:requireUserId="1" tscIQ:locale="en-US" tscIQ:reportMethod="APIANDSCORM" tscIQ:allowSkipQuiz="1" tscIQ:clientId="1CDF22D874AC443FBBB68075B4AE31CD" tscIQ:hideReplay="0" tscIQ:quizHash="8b934eceb0be08e9ab174d6b35fd79fb">
                     <xmpDM:markers>
                        <rdf:Seq>
                           <rdf:li><rdf:Description xmpDM:startTime="63533" tscIQ:feedback="1" tscIQ:questionSetName="Quiz 1"><tscIQ:questions><rdf:Seq><rdf:li><rdf:Description tscIQ:type="MC" tscIQ:id="0"><tscIQ:question>Người Ai cập cổ đại đã sáng tạo ra loại chữ viết nào?</tscIQ:question><tscIQ:correctAnswer>1</tscIQ:correctAnswer><tscIQ:answerArray><rdf:Seq><rdf:li><rdf:Description tscIQ:orderId="0"><tscIQ:answer>Chữ tượng hình</tscIQ:answer></rdf:Description></rdf:li><rdf:li><rdf:Description tscIQ:orderId="1"><tscIQ:answer>Chữ la tinh</tscIQ:answer></rdf:Description></rdf:li><rdf:li><rdf:Description tscIQ:orderId="2"><tscIQ:answer>Chữ quốc ngữ</tscIQ:answer></rdf:Description></rdf:li><rdf:li><rdf:Description tscIQ:orderId="3"><tscIQ:answer>Chữ Hán</tscIQ:answer></rdf:Description></rdf:li></rdf:Seq></tscIQ:answerArray><tscIQ:feedback><rdf:Bag><rdf:li><rdf:Description tscIQ:reason="correct"><xmpDM:name><rdf:Alt><rdf:li>chính xác</rdf:li></rdf:Alt></xmpDM:name></rdf:Description></rdf:li><rdf:li><rdf:Description tscIQ:reason="incorrect"><xmpDM:name><rdf:Alt><rdf:li>Chưa chính xác</rdf:li></rdf:Alt></xmpDM:name></rdf:Description></rdf:li></rdf:Bag></tscIQ:feedback></rdf:Description></rdf:li><rdf:li><rdf:Description tscIQ:type="MC" tscIQ:id="1"><tscIQ:question>Văn học của người Ai Cập cổ đại phản ánh nội dung nào dưới đây?</tscIQ:question><tscIQ:correctAnswer>2</tscIQ:correctAnswer><tscIQ:answerArray><rdf:Seq><rdf:li><rdf:Description tscIQ:orderId="0"><tscIQ:answer>Tình yêu đôi lứa.</tscIQ:answer></rdf:Description></rdf:li><rdf:li><rdf:Description tscIQ:orderId="1"><tscIQ:answer>Ca ngợi các Pha ra ông</tscIQ:answer></rdf:Description></rdf:li><rdf:li><rdf:Description tscIQ:orderId="2"><tscIQ:answer>Phán ánh chiến tranh</tscIQ:answer></rdf:Description></rdf:li><rdf:li><rdf:Description tscIQ:orderId="3"><tscIQ:answer>Ca ngợi thần linh</tscIQ:answer></rdf:Description></rdf:li></rdf:Seq></tscIQ:answerArray><tscIQ:feedback><rdf:Bag><rdf:li><rdf:Description tscIQ:reason="correct"><xmpDM:name><rdf:Alt><rdf:li>Chính xác</rdf:li></rdf:Alt></xmpDM:name></rdf:Description></rdf:li><rdf:li><rdf:Description tscIQ:reason="incorrect"><xmpDM:name><rdf:Alt><rdf:li>Chưa chính xác</rdf:li></rdf:Alt></xmpDM:name></rdf:Description></rdf:li></rdf:Bag></tscIQ:feedback></rdf:Description></rdf:li></rdf:Seq></tscIQ:questions></rdf:Description></rdf:li><rdf:li><rdf:Description xmpDM:startTime="102033" tscIQ:feedback="1" tscIQ:questionSetName="Quiz 2"><tscIQ:questions><rdf:Seq><rdf:li><rdf:Description tscIQ:type="MC" tscIQ:id="2"><tscIQ:question>Vì sao người Ai Cập cổ đại có tục ướp xác?</tscIQ:question><tscIQ:correctAnswer>2</tscIQ:correctAnswer><tscIQ:answerArray><rdf:Seq><rdf:li><rdf:Description tscIQ:orderId="0"><tscIQ:answer>Quan niệm thần linh là bất tử</tscIQ:answer></rdf:Description></rdf:li><rdf:li><rdf:Description tscIQ:orderId="1"><tscIQ:answer>Linh hồn là bất tử</tscIQ:answer></rdf:Description></rdf:li><rdf:li><rdf:Description tscIQ:orderId="2"><tscIQ:answer>Không có thế giới thần linh</tscIQ:answer></rdf:Description></rdf:li><rdf:li><rdf:Description tscIQ:orderId="3"><tscIQ:answer>Đề cao quyền sống của con người</tscIQ:answer></rdf:Description></rdf:li></rdf:Seq></tscIQ:answerArray><tscIQ:feedback><rdf:Bag><rdf:li><rdf:Description tscIQ:reason="correct"><xmpDM:name><rdf:Alt><rdf:li>Chính xác</rdf:li></rdf:Alt></xmpDM:name></rdf:Description></rdf:li><rdf:li><rdf:Description tscIQ:reason="incorrect"><xmpDM:name><rdf:Alt><rdf:li>Chưa chính xác</rdf:li></rdf:Alt></xmpDM:name></rdf:Description></rdf:li></rdf:Bag></tscIQ:feedback></rdf:Description></rdf:li><rdf:li><rdf:Description tscIQ:type="MC" tscIQ:id="3"><tscIQ:question>Kỹ thuật ướp xác đạt đỉnh cao là minh chứng cho sự phát triển của lĩnh vực nào?</tscIQ:question><tscIQ:correctAnswer>4</tscIQ:correctAnswer><tscIQ:answerArray><rdf:Seq><rdf:li><rdf:Description tscIQ:orderId="0"><tscIQ:answer>Toán học</tscIQ:answer></rdf:Description></rdf:li><rdf:li><rdf:Description tscIQ:orderId="1"><tscIQ:answer>Thiên văn học</tscIQ:answer></rdf:Description></rdf:li><rdf:li><rdf:Description tscIQ:orderId="2"><tscIQ:answer>Y học</tscIQ:answer></rdf:Description></rdf:li><rdf:li><rdf:Description tscIQ:orderId="3"><tscIQ:answer>Tôn giáo</tscIQ:answer></rdf:Description></rdf:li></rdf:Seq></tscIQ:answerArray><tscIQ:feedback><rdf:Bag><rdf:li><rdf:Description tscIQ:reason="correct"><xmpDM:name><rdf:Alt><rdf:li>Chính xác</rdf:li></rdf:Alt></xmpDM:name></rdf:Description></rdf:li><rdf:li><rdf:Description tscIQ:reason="incorrect"><xmpDM:name><rdf:Alt><rdf:li>Chưa chính xác</rdf:li></rdf:Alt></xmpDM:name></rdf:Description></rdf:li></rdf:Bag></tscIQ:feedback></rdf:Description></rdf:li></rdf:Seq></tscIQ:questions></rdf:Description></rdf:li><rdf:li><rdf:Description xmpDM:startTime="217700" tscIQ:feedback="1" tscIQ:questionSetName="Quiz 3"><tscIQ:questions><rdf:Seq><rdf:li><rdf:Description tscIQ:type="MC" tscIQ:id="4"><tscIQ:question>Tác phẩm điêu khắc nào đã trở thành biểu tượng văn hóa của Ai Cập cổ đại?</tscIQ:question><tscIQ:correctAnswer>1</tscIQ:correctAnswer><tscIQ:answerArray><rdf:Seq><rdf:li><rdf:Description tscIQ:orderId="0"><tscIQ:answer>Tượng nữ thần Nê-phéc-ti-ti</tscIQ:answer></rdf:Description></rdf:li><rdf:li><rdf:Description tscIQ:orderId="1"><tscIQ:answer>Tượng thần Dớt</tscIQ:answer></rdf:Description></rdf:li><rdf:li><rdf:Description tscIQ:orderId="2"><tscIQ:answer>Nữ thần tự do</tscIQ:answer></rdf:Description></rdf:li><rdf:li><rdf:Description tscIQ:orderId="3"><tscIQ:answer>Kim tự tháp</tscIQ:answer></rdf:Description></rdf:li></rdf:Seq></tscIQ:answerArray><tscIQ:feedback><rdf:Bag><rdf:li><rdf:Description tscIQ:reason="correct"><xmpDM:name><rdf:Alt><rdf:li>Chính xác</rdf:li></rdf:Alt></xmpDM:name></rdf:Description></rdf:li><rdf:li><rdf:Description tscIQ:reason="incorrect"><xmpDM:name><rdf:Alt><rdf:li>Chưa chính xác</rdf:li></rdf:Alt></xmpDM:name></rdf:Description></rdf:li></rdf:Bag></tscIQ:feedback></rdf:Description></rdf:li><rdf:li><rdf:Description tscIQ:type="MC" tscIQ:id="5"><tscIQ:question>Công trình điêu khắc lớn nhất của Ai Cập cổ đại là</tscIQ:question><tscIQ:correctAnswer>2</tscIQ:correctAnswer><tscIQ:answerArray><rdf:Seq><rdf:li><rdf:Description tscIQ:orderId="0"><tscIQ:answer>Kim tự tháp</tscIQ:answer></rdf:Description></rdf:li><rdf:li><rdf:Description tscIQ:orderId="1"><tscIQ:answer>Tượng nhân sư</tscIQ:answer></rdf:Description></rdf:li><rdf:li><rdf:Description tscIQ:orderId="2"><tscIQ:answer>Các mộ táng Pha ra ông</tscIQ:answer></rdf:Description></rdf:li><rdf:li><rdf:Description tscIQ:orderId="3"><tscIQ:answer>tượng thần vệ nữ</tscIQ:answer></rdf:Description></rdf:li></rdf:Seq></tscIQ:answerArray><tscIQ:feedback><rdf:Bag><rdf:li><rdf:Description tscIQ:reason="correct"><xmpDM:name><rdf:Alt><rdf:li>Chính xác</rdf:li></rdf:Alt></xmpDM:name></rdf:Description></rdf:li><rdf:li><rdf:Description tscIQ:reason="incorrect"><xmpDM:name><rdf:Alt><rdf:li>Chưa chính xác</rdf:li></rdf:Alt></xmpDM:name></rdf:Description></rdf:li></rdf:Bag></tscIQ:feedback></rdf:Description></rdf:li><rdf:li><rdf:Description tscIQ:type="MC" tscIQ:id="6"><tscIQ:question>Kim tự tháp là một thành tựu vĩ đại của người Ai Cập cổ đại trên lĩnh vực nào?</tscIQ:question><tscIQ:correctAnswer>1</tscIQ:correctAnswer><tscIQ:answerArray><rdf:Seq><rdf:li><rdf:Description tscIQ:orderId="0"><tscIQ:answer>Kiến trúc</tscIQ:answer></rdf:Description></rdf:li><rdf:li><rdf:Description tscIQ:orderId="1"><tscIQ:answer>Điêu khắc</tscIQ:answer></rdf:Description></rdf:li><rdf:li><rdf:Description tscIQ:orderId="2"><tscIQ:answer>Mỹ thuật</tscIQ:answer></rdf:Description></rdf:li><rdf:li><rdf:Description tscIQ:orderId="3"><tscIQ:answer>Văn học</tscIQ:answer></rdf:Description></rdf:li></rdf:Seq></tscIQ:answerArray><tscIQ:feedback><rdf:Bag><rdf:li><rdf:Description tscIQ:reason="correct"><xmpDM:name><rdf:Alt><rdf:li>Chính xác</rdf:li></rdf:Alt></xmpDM:name></rdf:Description></rdf:li><rdf:li><rdf:Description tscIQ:reason="incorrect"><xmpDM:name><rdf:Alt><rdf:li>Chưa chính xác</rdf:li></rdf:Alt></xmpDM:name></rdf:Description></rdf:li></rdf:Bag></tscIQ:feedback></rdf:Description></rdf:li></rdf:Seq></tscIQ:questions></rdf:Description></rdf:li></rdf:Seq>
                     </xmpDM:markers>
                     <tscIQ:QuizParams><rdf:Bag><rdf:li xmpDM:name="txtPrev" xmpDM:value="trước"/><rdf:li xmpDM:name="txtNext" xmpDM:value="sau"/><rdf:li xmpDM:name="txtAnswerQuestion" xmpDM:value="làm Quiz"/><rdf:li xmpDM:name="txtSubmit" xmpDM:value="nộp bài"/><rdf:li xmpDM:name="txtReview" xmpDM:value="làm lại"/><rdf:li xmpDM:name="txtReviewAnswer" xmpDM:value="xem đáp án"/><rdf:li xmpDM:name="txtContinue" xmpDM:value="tiếp tục"/></rdf:Bag></tscIQ:QuizParams></rdf:Description>
               </rdf:li>
            </rdf:Bag>
         </xmpDM:Tracks>
         <tscDM:controller>
            <rdf:Description xmpDM:name="tscplayer">
               <tscDM:parameters>
                  <rdf:Bag>
                     <rdf:li xmpDM:name="autohide" xmpDM:value="true"/><rdf:li xmpDM:name="autoplay" xmpDM:value="false"/><rdf:li xmpDM:name="loop" xmpDM:value="false"/><rdf:li xmpDM:name="searchable" xmpDM:value="false"/><rdf:li xmpDM:name="captionsenabled" xmpDM:value="false"/><rdf:li xmpDM:name="sidebarenabled" xmpDM:value="false"/><rdf:li xmpDM:name="unicodeenabled" xmpDM:value="true"/><rdf:li xmpDM:name="backgroundcolor" xmpDM:value="000000"/><rdf:li xmpDM:name="sidebarlocation" xmpDM:value="left"/><rdf:li xmpDM:name="endaction" xmpDM:value="stop"/><rdf:li xmpDM:name="endactionparam" xmpDM:value="true"/><rdf:li xmpDM:name="locale" xmpDM:value="en-US"/></rdf:Bag>
               </tscDM:parameters>
               <tscDM:controllerText>
                  <rdf:Bag>
                  </rdf:Bag>
               </tscDM:controllerText>
            </rdf:Description>
         </tscDM:controller>
         <tscDM:contentList>
            <rdf:Description>
               <tscDM:files>
                  <rdf:Seq>
                     <rdf:li xmpDM:name="0" xmpDM:value="1-AI CẬP.mp4"/><rdf:li xmpDM:name="1" xmpDM:value="1-AI CẬP.zip"/><rdf:li xmpDM:name="2" xmpDM:value="1-AI_CẬP_First_Frame.png"/></rdf:Seq>
               </tscDM:files>
            </rdf:Description>
         </tscDM:contentList>
      </rdf:Description>
   </rdf:RDF>
</x:xmpmeta>